book_id,title,fantasy,classic,non_fiction,young_adult,fiction,adult,mystery,romance,children,author,year,rating,image_url
1,Harry Potter and the Half-Blood Prince ,1,0,0,0,1,0,0,0,1,J.K. Rowling,2005,4.54,https://images.gr-assets.com/books/1361039191m/1.jpg
2,Harry Potter and the Order of the Phoenix,1,0,0,0,1,0,0,0,1,J.K. Rowling,2003,4.46,https://images.gr-assets.com/books/1387141547m/2.jpg
3,Harry Potter and the Sorcerer's Stone,1,0,0,0,1,0,0,0,1,J.K. Rowling,1997,4.44,https://images.gr-assets.com/books/1474154022m/3.jpg
5,Harry Potter and the Prisoner of Azkaban,1,0,0,0,1,0,0,0,1,J.K. Rowling,1999,4.53,https://images.gr-assets.com/books/1499277281m/5.jpg
6,Harry Potter and the Goblet of Fire,1,0,0,0,1,0,0,0,1,J.K. Rowling,2000,4.53,https://images.gr-assets.com/books/1361482611m/6.jpg
8,"Harry Potter Boxed Set, Books 1-5",1,0,0,0,1,0,0,0,1,J.K. Rowling,2003,4.77,https://images.gr-assets.com/books/1328867351m/10.jpg
10,Harry Potter Collection,1,0,0,0,1,0,0,0,1,J.K. Rowling,2005,4.73,https://images.gr-assets.com/books/1328867351m/10.jpg
11,The Hitchhiker's Guide to the Galaxy,1,1,0,1,1,0,0,0,1,Douglas Adams,1979,4.2,https://images.gr-assets.com/books/1327656754m/11.jpg
13,The Ultimate Hitchhiker's Guide to the Galaxy,1,1,0,1,1,0,0,0,1,Douglas Adams,1996,4.37,https://images.gr-assets.com/books/1404613595m/13.jpg
21,A Short History of Nearly Everything,0,0,1,0,0,1,0,0,0,Bill Bryson,2003,4.19,https://images-na.ssl-images-amazon.com/images/I/61vvvyR+TOL.jpg
24,In a Sunburned Country,0,0,1,0,0,1,0,0,0,Bill Bryson,2000,4.05,https://i.gr-assets.com/images/S/compressed.photo.goodreads.com/books/1388176242l/24.jpg
25,I'm a Stranger Here Myself: Notes on Returning to America after Twenty Years Away,0,0,1,0,0,1,0,0,0,Bill Bryson,1998,3.89,https://i.gr-assets.com/images/S/compressed.photo.goodreads.com/books/1388184037l/25.jpg
26,The Lost Continent: Travels in Small Town America,0,0,1,0,0,1,0,0,0,Bill Bryson,1989,3.83,https://images.gr-assets.com/books/1404042682m/26.jpg
27,Neither Here nor There: Travels in Europe,0,0,1,0,0,1,0,0,0,Bill Bryson,1991,3.88,https://s.gr-assets.com/assets/nophoto/book/111x148-bcc042a9c91a29c1d680899eff700a03.png
28,Notes from a Small Island,0,0,1,0,0,1,0,0,0,Bill Bryson,1995,3.91,https://images.gr-assets.com/books/1479653223m/28.jpg
29,The Mother Tongue: English and How It Got That Way,0,0,1,0,0,1,0,0,0,Bill Bryson,1990,3.95,https://images.gr-assets.com/books/1388209925m/29.jpg
30,J.R.R. Tolkien 4-Book Boxed Set: The Hobbit and The Lord of the Rings,1,1,0,1,1,1,0,0,1,J.R.R. Tolkien,1973,4.59,https://images.gr-assets.com/books/1346072396m/30.jpg
33,"The Lord of the Rings (The Lord of the Rings, #1-3)",1,1,0,1,1,1,0,0,0,J.R.R. Tolkien,1955,4.47,https://images.gr-assets.com/books/1411114164m/33.jpg
34,"The Fellowship of the Ring (The Lord of the Rings, #1)",1,1,0,1,1,1,0,0,0,J.R.R. Tolkien,1954,4.34,https://images.gr-assets.com/books/1298411339m/34.jpg
36,The Lord of the Rings: Weapons and Warfare,1,1,0,1,1,1,0,0,0,Richard Taylor,2003,4.53,https://i.gr-assets.com/images/S/compressed.photo.goodreads.com/books/1388290346l/36.jpg
36,The Lord of the Rings: Weapons and Warfare,1,1,0,1,1,1,0,0,0,Christopher Lee,2003,4.53,https://i.gr-assets.com/images/S/compressed.photo.goodreads.com/books/1388290346l/36.jpg
36,The Lord of the Rings: Weapons and Warfare,1,1,0,1,1,1,0,0,0,Chris Smith,2003,4.53,https://i.gr-assets.com/images/S/compressed.photo.goodreads.com/books/1388290346l/36.jpg
50,"Hatchet (Brian's Saga, #1)",0,0,0,1,1,0,1,0,0,Gary Paulsen,1986,3.68,https://i.gr-assets.com/images/S/compressed.photo.goodreads.com/books/1385297074l/50.jpg
67,The Known World,0,1,1,0,0,1,0,0,0,Edward P. Jones,2003,3.82,https://i.gr-assets.com/images/S/compressed.photo.goodreads.com/books/1538134660l/67._SY475_.jpg
93,Heidi,0,1,0,0,1,0,0,0,0,Johanna Spyri,1880,3.97,https://i.gr-assets.com/images/S/compressed.photo.goodreads.com/books/1388462714l/93.jpg
105,Chapterhouse: Dune (Dune Chronicles #6),0,1,0,1,1,1,1,0,0,Frank Herbert,1985,3.89,https://images.gr-assets.com/books/1260954505m/105.jpg
106,Dune Messiah (Dune Chronicles #2),0,1,0,1,1,1,1,0,0,Frank Herbert,1969,3.86,https://images.gr-assets.com/books/1392528394m/106.jpg
112,Children of Dune (Dune Chronicles #3),0,1,0,1,1,1,1,0,0,Frank Herbert,1976,3.9,https://i.gr-assets.com/images/S/compressed.photo.goodreads.com/books/1564783201l/44492286.jpg
117,Heretics of Dune (Dune Chronicles #5),0,1,0,1,1,1,1,0,0,Frank Herbert,1984,3.83,https://i.gr-assets.com/images/S/compressed.photo.goodreads.com/books/1564027750l/44492287._SY475_.jpg
119,The Lord of the Rings: The Art of The Fellowship of the Ring,1,1,0,1,1,1,0,0,0,Gary Russell,2002,4.59,https://i.gr-assets.com/images/S/compressed.photo.goodreads.com/books/1347803870l/119.jpg
122,"The Power of One (The Power of One, #1)",0,1,0,1,1,1,0,0,0,Bryce Courtenay,1989,4.34,https://i.gr-assets.com/images/S/compressed.photo.goodreads.com/books/1388184360l/122.jpg
264,The Portrait of a Lady,0,1,0,1,1,1,0,0,0,Henry James,1881,3.76,https://images.gr-assets.com/books/1502148606m/264.jpg
275,The Lover,0,1,0,0,1,1,0,1,0,Marguerite Duras,1984,3.76,https://images.gr-assets.com/books/1423329337m/275.jpg
295,Treasure Island,0,1,0,1,1,0,0,0,1,Robert Louis Stevenson,1882,3.82,https://images.gr-assets.com/books/1485248909m/295.jpg
304,Daniel Deronda,0,1,0,0,1,0,0,0,0,George Eliot,1876,3.82,https://images.gr-assets.com/books/1320432000m/304.jpg
348,The Door Into Summer,0,1,0,1,1,1,0,0,0,Robert A. Heinlein,1957,4,https://images.gr-assets.com/books/1342241886m/348.jpg
350,Stranger in a Strange Land,0,1,0,1,1,1,0,0,0,Robert A. Heinlein,1961,3.91,https://images.gr-assets.com/books/1156897088m/350.jpg
353,Time Enough for Love,0,1,1,1,1,1,0,1,0,Robert A. Heinlein,1973,3.96,https://i.gr-assets.com/images/S/compressed.photo.goodreads.com/books/1218664355l/353.jpg
355,Job: A Comedy of Justice,1,0,0,1,1,1,0,0,0,Robert A. Heinlein,1984,3.77,https://images.gr-assets.com/books/1438043968m/355.jpg
357,"The Long Dark Tea-Time of the Soul (Dirk Gently, #2)",1,0,0,1,1,1,1,0,1,Douglas Adams,1988,4.05,https://images.gr-assets.com/books/1388257271m/357.jpg
359,"The Salmon of Doubt (Dirk Gently, #3)",1,0,0,1,1,1,1,0,1,Douglas Adams,2002,3.92,https://i.gr-assets.com/images/S/compressed.photo.goodreads.com/books/1388273676l/359.jpg
360,"Mostly Harmless (Hitchhiker's Guide to the Galaxy, #5)",1,0,0,1,1,1,1,0,1,Douglas Adams,1992,3.96,https://images.gr-assets.com/books/1320725132m/360.jpg
365,Dirk Gently's Holistic Detective Agency (Dirk Gently #1),1,0,0,1,1,1,1,0,1,Douglas Adams,1987,3.97,https://images.gr-assets.com/books/1404697381m/365.jpg
378,The Phantom Tollbooth,1,1,0,1,1,0,0,0,1,Norton Juster,1961,4.22,https://i.gr-assets.com/images/S/compressed.photo.goodreads.com/books/1558858485l/378._SX318_.jpg
415,Gravity's Rainbow,0,1,0,0,1,1,0,0,0,Thomas Pynchon,1973,4.03,https://images.gr-assets.com/books/1414969925m/415.jpg
431,The New York Trilogy,0,1,0,1,1,1,1,0,0,Paul Auster,1987,3.92,https://images.gr-assets.com/books/1386924429m/431.jpg
432,"City of Glass (The New York Trilogy, #1)",0,1,0,1,1,1,1,0,0,Paul Auster,1985,3.81,https://images.gr-assets.com/books/1309986722m/432.jpg
446,The Brooklyn Follies,0,1,0,1,1,1,1,0,0,Paul Auster,2005,3.81,https://i.gr-assets.com/images/S/compressed.photo.goodreads.com/books/1388285831l/446.jpg
456,Leviathan,0,0,0,0,1,1,1,0,0,Paul Auster,1992,3.95,https://i.gr-assets.com/images/S/compressed.photo.goodreads.com/books/1388371291l/456.jpg
475,Collapse: How Societies Choose to Fail or Succeed,0,0,1,0,0,1,0,0,0,Jared Diamond,2004,3.92,https://i.gr-assets.com/images/S/compressed.photo.goodreads.com/books/1441419222l/475._SY475_.jpg
621,The Automatic Millionaire: A Powerful One-Step Plan to Live and Finish Rich,0,0,1,0,0,1,0,0,0,David Bach,2003,3.9,https://i.gr-assets.com/images/S/compressed.photo.goodreads.com/books/1436792430l/621._SY475_.jpg
629,Zen and the Art of Motorcycle Maintenance: An Inquiry Into Values,0,0,1,0,0,1,0,0,0,Robert M. Pirsig,1974,3.76,https://images.gr-assets.com/books/1410136019m/629.jpg
647,No Logo,0,0,1,0,0,1,0,0,0,Naomi Klein,1999,3.86,https://i.gr-assets.com/images/S/compressed.photo.goodreads.com/books/1441567914l/647._SY475_.jpg
656,War and Peace,0,1,0,0,1,1,1,1,0,Leo Tolstoy,1869,4.11,https://images.gr-assets.com/books/1413215930m/656.jpg
662,Atlas Shrugged,0,1,0,0,1,1,1,1,0,Ayn Rand,1957,3.68,https://images.gr-assets.com/books/1405868167m/662.jpg
667,Anthem,0,1,0,0,1,1,1,0,0,Ayn Rand,1938,3.62,https://i.gr-assets.com/images/S/compressed.photo.goodreads.com/books/1388190459l/667.jpg
668,We the Living,0,1,0,0,1,1,0,0,0,Ayn Rand,1936,3.89,https://images.gr-assets.com/books/1306188481m/668.jpg
706,America (The Book): A Citizen's Guide to Democracy Inaction,0,0,1,0,0,1,0,0,0,Jon Stewart,2004,4.02,https://i.gr-assets.com/images/S/compressed.photo.goodreads.com/books/1157224104l/706._SX318_.jpg
816,Cryptonomicon,0,0,1,1,1,1,1,0,0,Neal Stephenson,1999,4.25,https://images.gr-assets.com/books/1327931476m/816.jpg
822,"The Confusion (The Baroque Cycle, #2)",0,0,1,1,1,1,1,0,0,Neal Stephenson,2004,4.24,https://images.gr-assets.com/books/1407706997m/822.jpg
823,"Quicksilver (The Baroque Cycle, #1)",0,0,1,1,1,1,1,0,0,Neal Stephenson,2003,3.92,https://images.gr-assets.com/books/1377095669m/823.jpg
825,Zodiac,0,0,1,1,1,1,1,0,0,Neal Stephenson,1988,3.7,https://i.gr-assets.com/images/S/compressed.photo.goodreads.com/books/1388964748l/825.jpg
827,"The Diamond Age: or, A Young Lady's Illustrated Primer",0,0,1,1,1,1,1,0,0,Neal Stephenson,1995,4.19,https://i.gr-assets.com/images/S/compressed.photo.goodreads.com/books/1388180931l/827.jpg
830,Snow Crash,0,0,1,1,1,1,1,0,0,Neal Stephenson,1992,4.02,https://images.gr-assets.com/books/1477624625m/830.jpg
865,The Alchemist,1,0,0,1,1,1,0,0,0,Paulo Coelho,1988,3.82,https://images.gr-assets.com/books/1483412266m/865.jpg
880,Pompeii,0,1,0,1,1,1,0,0,0,Robert   Harris,2003,3.79,https://i.gr-assets.com/images/S/compressed.photo.goodreads.com/books/1388189565l/880.jpg
890,Of Mice and Men,0,1,0,0,1,1,0,0,0,John Steinbeck,1937,3.84,https://images.gr-assets.com/books/1437235233m/890.jpg
902,The Westing Game,0,1,0,1,1,0,1,0,1,Ellen Raskin,1978,4.03,https://images.gr-assets.com/books/1356850909m/902.jpg
960,"Angels & Demons  (Robert Langdon, #1)",0,0,0,1,1,1,1,0,0,Dan Brown,2000,3.85,https://images.gr-assets.com/books/1303390735m/960.jpg
968,"The Da Vinci Code (Robert Langdon, #2)",0,0,0,1,1,1,1,0,0,Dan Brown,2003,3.79,https://images.gr-assets.com/books/1303252999m/968.jpg
976,Deception Point,0,0,0,1,1,1,1,0,0,Dan Brown,2001,3.67,https://i.gr-assets.com/images/S/compressed.photo.goodreads.com/books/1551277487l/976._SY475_.jpg
998,The Millionaire Next Door: The Surprising Secrets of Americas Wealthy,0,0,1,0,0,1,0,0,0,Thomas J. Stanley,1995,4,https://i.gr-assets.com/images/S/compressed.photo.goodreads.com/books/1348313018l/998.jpg
1005,Think and Grow Rich: The Landmark Bestseller - Now Revised and Updated for the 21st Century,0,0,1,0,0,1,0,0,0,Napoleon Hill,1937,4.17,https://i.gr-assets.com/images/S/compressed.photo.goodreads.com/books/1388177008l/1005.jpg
1032,Trump: The Art of the Deal,0,0,1,0,0,1,0,0,0,Donald J. Trump,1987,3.66,https://i.gr-assets.com/images/S/compressed.photo.goodreads.com/books/1442705949l/1032._SY475_.jpg
1052,The Richest Man in Babylon,0,0,1,0,0,1,0,0,0,George S. Clason,1926,4.23,https://images.gr-assets.com/books/1348336780m/1052.jpg
1097,Fast Food Nation: The Dark Side of the All-American Meal,0,0,1,0,0,1,0,0,0,Eric Schlosser,2001,3.73,https://i.gr-assets.com/images/S/compressed.photo.goodreads.com/books/1554229727l/1097._SY475_.jpg
1103,Snow Flower and the Secret Fan,0,0,0,1,1,1,0,0,0,Lisa See,2005,4.05,https://images.gr-assets.com/books/1327880508m/1103.jpg
1110,The Broker,0,0,0,1,1,1,1,0,0,John Grisham,2005,3.77,https://i.gr-assets.com/images/S/compressed.photo.goodreads.com/books/1386924342l/1110.jpg
1202,"Freakonomics: A Rogue Economist Explores the Hidden Side of Everything (Freakonomics, #1)",0,0,1,0,0,1,0,0,0,Steven D. Levitt,2005,3.93,https://images.gr-assets.com/books/1327909092m/1202.jpg
1232,"The Shadow of the Wind (The Cemetery of Forgotten Books,  #1)",1,0,0,1,1,1,1,0,0,Lucia Graves,2001,4.24,https://images.gr-assets.com/books/1344545047m/1232.jpg
1301,Moneyball: The Art of Winning an Unfair Game,0,0,1,0,0,1,0,0,0,Michael   Lewis,2003,4.24,https://i.gr-assets.com/images/S/compressed.photo.goodreads.com/books/1388176510l/1301.jpg
1303,The 48 Laws of Power,0,0,1,0,0,1,0,0,0,Robert Greene,1988,4.18,https://i.gr-assets.com/images/S/compressed.photo.goodreads.com/books/1385228992l/1303.jpg
1305,Gates of Fire: An Epic Novel of the Battle of Thermopylae,0,0,0,1,1,1,0,0,0,Steven Pressfield,1998,4.4,https://i.gr-assets.com/images/S/compressed.photo.goodreads.com/books/1379944788l/118040.jpg
1307,"Fire Sea (The Death Gate Cycle, #3)",0,0,0,1,1,1,0,0,0,Margaret Weis,1991,4.05,https://images.gr-assets.com/books/1325422748m/1307.jpg
1307,"Fire Sea (The Death Gate Cycle, #3)",0,0,0,1,1,1,0,0,0,Tracy Hickman,1991,4.05,https://images.gr-assets.com/books/1325422748m/1307.jpg
1371,The Iliad,1,1,0,0,1,1,0,0,0,Homer,-750,3.83,https://i.gr-assets.com/images/S/compressed.photo.goodreads.com/books/1388188509l/1371.jpg
1375,The Iliad/The Odyssey,1,1,0,0,1,1,0,0,0,Homer,-762,4.03,https://i.gr-assets.com/images/S/compressed.photo.goodreads.com/books/1388181863l/1375.jpg
1381,The Odyssey,1,1,0,0,1,1,0,0,0,Homer,-720,3.73,https://images.gr-assets.com/books/1390173285m/1381.jpg
1420,Hamlet,1,1,0,1,1,1,1,0,1,William Shakespeare,1600,4,https://images.gr-assets.com/books/1351051208m/1420.jpg
1426,Warrior of the Light,0,0,0,1,1,1,0,0,0,Paulo Coelho,1997,3.69,https://images.gr-assets.com/books/1359135200m/1426.jpg
1427,The Zahir,0,0,0,1,1,1,0,0,0,Paulo Coelho,2005,3.56,https://images.gr-assets.com/books/1493044059m/1427.jpg
1428,By the River Piedra I Sat Down and Wept,0,0,0,1,1,1,0,0,0,Paulo Coelho,1994,3.57,https://images.gr-assets.com/books/1466877798m/1428.jpg
1430,Eleven Minutes,0,0,0,1,1,1,0,0,0,Paulo Coelho,2003,3.69,https://images.gr-assets.com/books/1358266987m/1430.jpg
1431,Veronika Decides to Die,0,0,0,1,1,1,0,0,0,Paulo Coelho,1998,3.69,https://i.gr-assets.com/images/S/compressed.photo.goodreads.com/books/1348139939l/1431.jpg
1622,A Midsummer Night's Dream,1,1,0,1,1,1,0,1,0,William Shakespeare,1595,3.94,https://images.gr-assets.com/books/1327874534m/1622.jpg
1625,Twelfth Night,1,1,0,1,1,1,0,1,0,William Shakespeare,1601,3.97,https://images.gr-assets.com/books/1416628008m/1625.jpg
1627,Brokeback Mountain,0,1,0,0,1,1,0,1,0,Annie Proulx,1997,3.93,https://i.gr-assets.com/images/S/compressed.photo.goodreads.com/books/1442919969l/1627._SY475_.jpg
1885,Pride and Prejudice,0,1,0,1,1,1,0,1,0,Jane Austen,1813,4.24,https://images.gr-assets.com/books/1320399351m/1885.jpg
1911,The World Is Flat: A Brief History of the Twenty-first Century,0,0,1,0,0,1,0,0,0,Thomas L. Friedman,2005,3.66,https://i.gr-assets.com/images/S/compressed.photo.goodreads.com/books/1442191453l/1911._SY475_.jpg
1934,"Little Women (Little Women, #1)",0,1,0,1,1,1,0,1,0,Louisa May Alcott,1868,4.04,https://i.gr-assets.com/images/S/compressed.photo.goodreads.com/books/1434724824l/21470612._SY475_.jpg
1953,A Tale of Two Cities,0,1,0,1,1,1,0,1,0,Charles Dickens,1859,3.81,https://images.gr-assets.com/books/1344922523m/1953.jpg
1990,Martin Chuzzlewit,0,1,0,0,1,1,0,0,0,Charles Dickens,1844,3.82,https://images.gr-assets.com/books/1334392783m/1990.jpg
2002,Harry Potter Schoolbooks Box Set: Two Classic Books from the Library of Hogwarts School of Witchcraft and Wizardry,1,0,0,1,1,0,0,0,1,J.K. Rowling,2001,4.4,https://images.gr-assets.com/books/1479775271m/2002.jpg
2049,"The High Window (Philip Marlowe, #3)",0,0,0,1,1,1,1,0,0,Raymond Chandler,1942,4.08,https://images.gr-assets.com/books/1466754245m/2049.jpg
2050,"Farewell, My Lovely (Philip Marlowe, #2)",0,0,0,1,1,1,1,0,0,Raymond Chandler,1940,4.17,https://images.gr-assets.com/books/1465778099m/2050.jpg
2052,"The Big Sleep (Philip Marlowe, #1)",0,0,0,1,1,1,1,0,0,Raymond Chandler,1939,4.04,https://images.gr-assets.com/books/1371584712m/2052.jpg
2054,"The Long Goodbye (Philip Marlowe, #6)",0,0,0,1,1,1,1,0,0,Raymond Chandler,1953,4.23,https://images.gr-assets.com/books/1388225584m/2054.jpg
2094,A Briefer History of Time,0,0,1,0,0,1,0,0,0,Stephen Hawking,2005,4.19,https://i.gr-assets.com/images/S/compressed.photo.goodreads.com/books/1386924782l/2094.jpg
2095,The Universe in a Nutshell,0,0,1,0,0,1,0,0,0,Stephen Hawking,2001,4.13,https://images.gr-assets.com/books/1159814395m/2095.jpg
2122,The Fountainhead,0,1,0,0,1,1,1,1,0,Ayn Rand,1943,3.85,https://images.gr-assets.com/books/1491163636m/2122.jpg
2137,A Home at the End of the World,0,0,0,1,1,1,0,1,0,Michael Cunningham,1990,3.89,https://i.gr-assets.com/images/S/compressed.photo.goodreads.com/books/1442779849l/2137.jpg
2152,The Jane Austen Book Club,0,0,0,1,1,1,0,1,0,Karen Joy Fowler,2004,3.07,https://images.gr-assets.com/books/1309282966m/2152.jpg
2156,Persuasion,0,1,0,1,1,1,0,1,0,Jane Austen,1817,4.13,https://i.gr-assets.com/images/S/compressed.photo.goodreads.com/books/1385172413l/2156.jpg
2165,The Old Man and the Sea,0,1,0,0,1,1,0,0,0,Ernest Hemingway,1952,3.73,https://images.gr-assets.com/books/1329189714m/2165.jpg
2175,Madame Bovary,0,0,0,1,1,1,0,1,0,Gustave Flaubert,1856,3.64,https://images.gr-assets.com/books/1335676143m/2175.jpg
2183,Sentimental Education,0,0,0,1,1,1,0,1,0,Gustave Flaubert,1869,3.83,https://images.gr-assets.com/books/1327788473m/2183.jpg
2187,Middlesex,0,0,0,1,1,1,0,0,0,Jeffrey Eugenides,2002,3.98,https://images.gr-assets.com/books/1437029776m/2187.jpg
2265,It's Not About the Bike: My Journey Back to Life,0,0,1,0,0,1,0,0,0,Lance Armstrong,1999,3.72,https://i.gr-assets.com/images/S/compressed.photo.goodreads.com/books/1433639489l/2265._SY475_.jpg
2373,"The Bone Collector (Lincoln Rhyme, #1)",0,0,0,1,1,1,1,0,0,Jeffery Deaver,1997,4.18,https://i.gr-assets.com/images/S/compressed.photo.goodreads.com/books/1437538512l/2373._SY475_.jpg
2442,"Witches Abroad (Discworld, #12; Witches #3)",1,0,0,1,1,1,0,0,1,Terry Pratchett,1991,4.2,https://images.gr-assets.com/books/1403326937m/2442.jpg
2493,The Time Machine,1,0,0,1,1,1,0,1,1,H.G. Wells,1895,3.87,https://images.gr-assets.com/books/1327942880m/2493.jpg
2623,Great Expectations,0,1,0,0,1,1,0,0,0,Charles Dickens,1860,3.75,https://images.gr-assets.com/books/1327920219m/2623.jpg
2657,To Kill a Mockingbird,0,1,0,1,1,1,0,0,0,Harper Lee,1960,4.25,https://images.gr-assets.com/books/1361975680m/2657.jpg
2744,Anansi Boys,1,0,0,1,1,1,0,0,0,Neil Gaiman,2005,4,https://images.gr-assets.com/books/1479778049m/2744.jpg
2748,Microserfs,0,0,0,0,1,1,0,0,0,Douglas Coupland,1995,3.88,https://i.gr-assets.com/images/S/compressed.photo.goodreads.com/books/1546099595l/2748.jpg
2794,The Crying of Lot 49,0,0,0,0,1,1,0,0,0,Thomas Pynchon,1966,3.7,https://images.gr-assets.com/books/1375727632m/2794.jpg
2839,Bridge to Terabithia,1,0,0,1,1,0,0,0,1,Katherine Paterson,1977,3.98,https://images.gr-assets.com/books/1327880087m/2839.jpg
2865,Girl with a Pearl Earring,0,0,0,0,1,1,0,0,0,Tracy Chevalier,1999,3.85,https://images.gr-assets.com/books/1327197580m/2865.jpg
2879,"Bleach, Volume 15",0,0,0,1,1,1,1,0,0,Tite Kubo,2004,4.41,https://images.gr-assets.com/books/1417981626m/2879.jpg
2880,"Bleach, Volume 01",0,0,0,1,1,1,1,0,0,Tite Kubo,2002,4.21,https://i.gr-assets.com/images/S/compressed.photo.goodreads.com/books/1388508611l/2880.jpg
2932,Robinson Crusoe,0,1,0,1,1,1,0,0,1,Daniel Defoe,1719,3.66,https://images.gr-assets.com/books/1403180114m/2932.jpg
2956,The Adventures of Huckleberry Finn,0,1,0,1,1,1,0,0,1,Mark Twain,1884,3.8,https://images.gr-assets.com/books/1405973850m/2956.jpg
2978,Lost Horizon,1,0,0,0,1,1,0,0,0,James Hilton,1933,3.9,https://i.gr-assets.com/images/S/compressed.photo.goodreads.com/books/1520611938l/39092290._SY475_.jpg
2998,The Secret Garden,0,1,0,1,1,0,0,0,1,Frances Hodgson Burnett,1911,4.12,https://images.gr-assets.com/books/1327873635m/2998.jpg
3008,A Little Princess,0,0,0,1,1,0,0,0,1,Frances Hodgson Burnett,1905,4.2,https://images.gr-assets.com/books/1327868556m/3008.jpg
3110,Assassination Vacation,0,0,1,0,0,1,1,0,0,Sarah Vowell,2005,3.98,https://i.gr-assets.com/images/S/compressed.photo.goodreads.com/books/1440616283l/3110._SY475_.jpg
3379,All Families are Psychotic,0,0,0,1,1,1,0,0,0,Douglas Coupland,2001,3.69,https://i.gr-assets.com/images/S/compressed.photo.goodreads.com/books/1405992884l/3379.jpg
3381,Hey Nostradamus!,0,0,0,1,1,1,1,0,0,Douglas Coupland,2003,3.72,https://i.gr-assets.com/images/S/compressed.photo.goodreads.com/books/1436978883l/3381._SY475_.jpg
3412,The Thorn Birds,0,0,0,1,1,1,0,1,0,Colleen McCullough,1977,4.22,https://images.gr-assets.com/books/1391416796m/3412.jpg
3462,The Rescue,0,0,0,0,1,1,0,1,0,Nicholas Sparks,2000,4.1,https://i.gr-assets.com/images/S/compressed.photo.goodreads.com/books/1385055753l/3462.jpg
3463,A Bend in the Road,0,0,0,0,1,1,0,1,0,Nicholas Sparks,2001,4.02,https://i.gr-assets.com/images/S/compressed.photo.goodreads.com/books/1388453919l/3463.jpg
3464,True Believer,0,0,0,0,1,1,0,1,0,Nicholas Sparks,2003,3.8,https://images.gr-assets.com/books/1385739017m/3464.jpg
3465,Three Weeks With My Brother,0,0,0,0,1,1,0,1,0,Nicholas Sparks,2004,4.01,https://i.gr-assets.com/images/S/compressed.photo.goodreads.com/books/1440179668l/3465._SY475_.jpg
3466,The Wedding,0,0,0,0,1,1,0,1,0,Nicholas Sparks,2003,3.98,https://images.gr-assets.com/books/1385738787m/3466.jpg
3473,A Walk to Remember,0,0,0,0,1,1,0,1,0,Nicholas Sparks,1999,4.15,https://images.gr-assets.com/books/1385738968m/3473.jpg
3478,Message in a Bottle,0,0,0,0,1,1,0,1,0,Nicholas Sparks,1998,3.95,https://images.gr-assets.com/books/1163789140m/3478.jpg
3507,Twelve Sharp ,0,0,0,1,1,1,1,0,0,Janet Evanovich,2006,4.14,https://images.gr-assets.com/books/1316727699m/3507.jpg
3562,Emily of New Moon,0,1,0,1,1,0,0,0,1,L.M. Montgomery,1923,4.09,https://images.gr-assets.com/books/1327883976m/3562.jpg
3581,"Sherlock Holmes: The Complete Novels and Stories, Volume I",0,1,0,0,1,1,1,0,0,Arthur Conan Doyle,1927,4.45,https://images.gr-assets.com/books/1320490450m/3581.jpg
3586,"The Complete Sherlock Holmes, Vol 2",0,1,0,0,1,1,1,0,0,Arthur Conan Doyle,1914,4.46,https://images.gr-assets.com/books/1347663158m/3586.jpg
4671,The Great Gatsby,0,1,0,0,1,1,0,1,0,F. Scott Fitzgerald,1925,3.89,https://images.gr-assets.com/books/1490528560m/4671.jpg
3590,The Adventures of Sherlock Holmes,0,1,0,0,1,1,1,0,0,Arthur Conan Doyle,1892,4.29,https://i.gr-assets.com/images/S/compressed.photo.goodreads.com/books/1164045516l/3590.jpg
3750,"Moonraker (James Bond, #3)",0,0,0,1,1,1,1,0,0,Ian Fleming,1955,3.7,https://i.gr-assets.com/images/S/compressed.photo.goodreads.com/books/1388215989l/3750.jpg
3757,"Doctor No (James Bond, #6)",0,0,0,1,1,1,1,0,0,Ian Fleming,1958,3.76,https://i.gr-assets.com/images/S/compressed.photo.goodreads.com/books/1428348040l/3757.jpg
3758,"Casino Royale (James Bond, #1)",0,0,0,1,1,1,1,0,0,Ian Fleming,1953,3.73,https://images.gr-assets.com/books/1497801490m/3758.jpg
3759,"Goldfinger (James Bond, #7)",0,0,0,1,1,1,1,0,0,Ian Fleming,1959,3.8,https://i.gr-assets.com/images/S/compressed.photo.goodreads.com/books/1433975399l/3759._SY475_.jpg
3760,"Diamonds Are Forever (James Bond, #4)",0,0,0,1,1,1,1,0,0,Ian Fleming,1956,3.59,https://i.gr-assets.com/images/S/compressed.photo.goodreads.com/books/1440633220l/3760._SY475_.jpg
3762,"On Her Majesty's Secret Service (James Bond, #11)",0,0,0,1,1,1,1,0,0,Ian Fleming,1963,3.94,https://i.gr-assets.com/images/S/compressed.photo.goodreads.com/books/1433986746l/3762._SY475_.jpg
3763,"Live and Let Die (James Bond, #2)",0,0,0,1,1,1,1,0,0,Ian Fleming,1954,3.62,https://images.gr-assets.com/books/1327953982m/3763.jpg
3764,"From Russia With Love (James Bond, #5)",0,0,0,1,1,1,1,0,0,Ian Fleming,1957,3.88,https://i.gr-assets.com/images/S/compressed.photo.goodreads.com/books/1440169210l/3764._SY475_.jpg
3869,A Brief History of Time,0,0,1,0,0,1,0,0,0,Stephen Hawking,1987,4.12,https://images.gr-assets.com/books/1333578746m/3869.jpg
3873,"A History of God: The 4,000-Year Quest of Judaism, Christianity, and Islam",0,0,1,0,0,1,0,0,0,Karen Armstrong,1975,3.85,https://i.gr-assets.com/images/S/compressed.photo.goodreads.com/books/1386924363l/3873.jpg
6514,The Bell Jar,0,1,0,1,1,1,0,0,0,Sylvia Plath,1963,3.98,https://images.gr-assets.com/books/1473890514m/6514.jpg
4004,The Pilgrimage,0,0,0,1,1,1,0,0,0,Paulo Coelho,1987,3.64,https://images.gr-assets.com/books/1307909268m/4004.jpg
4005,The Fifth Mountain,0,0,0,1,1,1,0,0,0,Paulo Coelho,1996,3.61,https://images.gr-assets.com/books/1358268472m/4005.jpg
4006,The Valkyries,0,0,0,1,1,1,0,0,0,Paulo Coelho,1988,3.3,https://images.gr-assets.com/books/1414013931m/4006.jpg
4008,"The Devil and Miss Prym (On the Seventh Day, #3)",0,0,0,1,1,1,0,0,0,Paulo Coelho,2000,3.59,https://images.gr-assets.com/books/1359082264m/4008.jpg
4099,The Pragmatic Programmer: From Journeyman to Master,0,0,1,0,0,1,0,0,0,Andrew Hunt,1999,4.31,https://images.gr-assets.com/books/1401432508m/4099.jpg
4122,Built to Last: Successful Habits of Visionary Companies,0,0,1,0,0,1,0,0,0,James C. Collins,1994,3.98,https://images.gr-assets.com/books/1412047084m/4122.jpg
4136,Holidays on Ice,0,0,0,1,1,1,0,0,0,David Sedaris,1997,3.95,https://images.gr-assets.com/books/1328330843m/4136.jpg
4381,Fahrenheit 451,0,1,0,1,1,1,0,0,0,Ray Bradbury,1953,3.97,https://images.gr-assets.com/books/1351643740m/4381.jpg
4214,Life of Pi,0,0,0,1,1,1,0,0,0,Yann Martel,2001,3.88,https://images.gr-assets.com/books/1320562005m/4214.jpg
4407,"American Gods (American Gods, #1)",0,0,0,1,1,1,0,0,0,Neil Gaiman,2001,4.11,https://images.gr-assets.com/books/1258417001m/4407.jpg
4830,Shalimar the Clown,0,0,0,0,1,1,0,0,0,Salman Rushdie,2005,3.86,https://i.gr-assets.com/images/S/compressed.photo.goodreads.com/books/1388809435l/4830.jpg
4894,Who Moved My Cheese?,0,0,1,0,0,1,0,0,0,Spencer Johnson,1998,3.74,https://i.gr-assets.com/images/S/compressed.photo.goodreads.com/books/1388639717l/4894.jpg
4835,"Haroun and the Sea of Stories (Khalifa Brothers, #1)",0,0,0,0,1,1,0,0,0,Salman Rushdie,1990,4.01,https://images.gr-assets.com/books/1419913148m/4835.jpg
5091,"The Dark Tower (The Dark Tower, #7)",0,0,0,1,1,1,1,0,0,Stephen King,2004,4.27,https://images.gr-assets.com/books/1372296329m/5091.jpg
5093,"Song of Susannah (The Dark Tower, #6)",0,0,0,1,1,1,1,0,0,Stephen King,2004,3.98,https://images.gr-assets.com/books/1372296326m/5093.jpg
5094,"The Drawing of the Three (The Dark Tower, #2)",0,0,0,1,1,1,1,0,0,Stephen King,1987,4.23,https://images.gr-assets.com/books/1370918050m/5094.jpg
5096,"Wizard and Glass (The Dark Tower, #4)",0,0,0,1,1,1,1,0,0,Stephen King,1997,4.24,https://images.gr-assets.com/books/1327946510m/5096.jpg
6969,Emma,0,1,0,1,1,1,0,1,0,Jane Austen,1815,3.99,https://images.gr-assets.com/books/1373627931m/6969.jpg
8909,The War of the Worlds,0,1,0,1,1,1,0,0,0,H.G. Wells,1897,3.8,https://images.gr-assets.com/books/1320391644m/8909.jpg
4981,Slaughterhouse-Five,0,1,0,0,1,1,1,0,0,Kurt Vonnegut Jr.,1969,4.06,https://images.gr-assets.com/books/1440319389m/4981.jpg
5139,The Devil Wears Prada,0,0,0,1,1,1,0,1,0,Lauren Weisberger,2003,3.7,https://i.gr-assets.com/images/S/compressed.photo.goodreads.com/books/1388179604l/5139.jpg
5107,The Catcher in the Rye,0,1,0,1,1,1,0,0,0,J.D. Salinger,1951,3.79,https://images.gr-assets.com/books/1398034300m/5107.jpg
4948,The Very Hungry Caterpillar Board Book,0,0,0,0,1,0,0,0,1,Eric Carle,1969,4.29,https://images.gr-assets.com/books/1327878225m/4948.jpg
11127,The Chronicles of Narnia,1,1,0,1,1,1,0,0,1,C.S. Lewis,1956,4.24,https://images.gr-assets.com/books/1449868701m/11127.jpg
5326,A Christmas Carol,1,1,0,1,1,1,0,0,0,Charles Dickens,1843,4.02,https://images.gr-assets.com/books/1406512317m/5326.jpg
4921,Three Men in a Boat ,0,1,0,1,1,1,0,0,0,Jerome . K. Jerome,1889,3.9,https://images.gr-assets.com/books/1392791656m/4921.jpg
5805,V for Vendetta,0,0,0,1,1,1,1,0,0,Alan Moore,1990,4.25,https://images.gr-assets.com/books/1343668985m/5805.jpg
5907,The Hobbit,1,1,0,1,1,1,0,0,1,J.R.R. Tolkien,1937,4.25,https://images.gr-assets.com/books/1372847500m/5907.jpg
12985,The Tempest,1,1,0,1,1,1,0,1,0,William Shakespeare,1623,3.8,https://images.gr-assets.com/books/1327793692m/12985.jpg
12996,Othello,0,1,0,1,1,1,1,1,0,William Shakespeare,1603,3.88,https://images.gr-assets.com/books/1459795105m/12996.jpg
13006,Julius Caesar,0,1,0,1,1,1,0,0,0,William Shakespeare,1599,3.65,https://images.gr-assets.com/books/1354574927m/13006.jpg
16328,"The Murder of Roger Ackroyd (Hercule Poirot, #4)",0,1,0,1,1,1,1,0,0,Agatha Christie,1926,4.2,https://i.gr-assets.com/images/S/compressed.photo.goodreads.com/books/1389734015l/16328.jpg
16331,"Murder at the Vicarage (Miss Marple, #1)",0,1,0,1,1,1,1,0,0,Agatha Christie,1930,4.03,https://i.gr-assets.com/images/S/compressed.photo.goodreads.com/books/1388386575l/16331.jpg
16333,"At Bertram's Hotel (Miss Marple, #11)",0,1,0,1,1,1,1,0,0,Agatha Christie,1965,3.7,https://images.gr-assets.com/books/1375949033m/16333.jpg
16335,"The Mystery of the Blue Train (Hercule Poirot, #6)",0,1,0,1,1,1,1,0,0,Agatha Christie,1928,3.77,https://i.gr-assets.com/images/S/compressed.photo.goodreads.com/books/1389733972l/16335.jpg
16341,"The Moving Finger (Miss Marple, #4)",0,1,0,1,1,1,1,0,0,Agatha Christie,1942,3.84,https://images.gr-assets.com/books/1396227246m/16341.jpg
4987,Jailbird,0,1,0,0,1,1,0,0,0,Kurt Vonnegut Jr.,1979,3.81,https://i.gr-assets.com/images/S/compressed.photo.goodreads.com/books/1514676373l/4987.jpg
4965,Year of Wonders,0,0,0,0,1,1,0,0,0,Geraldine Brooks,2001,4,https://images.gr-assets.com/books/1327714834m/4953.jpg
4978,"Wolves of the Calla (The Dark Tower, #5)",0,0,0,1,1,1,1,0,0,Stephen King,2003,4.17,https://i.gr-assets.com/images/S/compressed.photo.goodreads.com/books/1419360231l/4978._SY475_.jpg
4980,Breakfast of Champions,0,0,0,1,1,1,0,0,0,Kurt Vonnegut Jr.,1973,4.08,https://i.gr-assets.com/images/S/compressed.photo.goodreads.com/books/1327934446l/4980.jpg
4982,The Sirens of Titan,0,0,0,1,1,1,0,0,0,Kurt Vonnegut Jr.,1959,4.16,https://images.gr-assets.com/books/1327936622m/4965.jpg
4984,Bagombo Snuff Box,0,0,0,0,1,1,0,0,0,Kurt Vonnegut Jr.,1999,3.72,https://images.gr-assets.com/books/1419360231m/4978.jpg
4985,Welcome to the Monkey House,0,0,0,1,1,1,0,0,0,Kurt Vonnegut Jr.,1968,4.13,https://images.gr-assets.com/books/1330997432m/4979.jpg
4986,"God Bless You, Dr. Kevorkian",0,0,0,1,1,1,0,0,0,Kurt Vonnegut Jr.,1999,3.83,https://images.gr-assets.com/books/1327934446m/4980.jpg
4989,The Red Tent,0,0,0,0,1,1,0,0,0,Anita Diamant,1997,4.16,https://images.gr-assets.com/books/1419363185m/4982.jpg
5015,Saturday,0,0,0,0,1,1,1,0,0,Ian McEwan,2005,3.61,https://images.gr-assets.com/books/1297118346m/4983.jpg
5038,"The Pillars of Creation (Sword of Truth, #7)",1,0,0,1,1,1,1,0,0,Terry Goodkind,2001,3.67,https://images.gr-assets.com/books/1327353727m/4984.jpg
5043,"The Pillars of the Earth (The Kingsbridge Series, #1)",1,0,0,1,1,1,1,0,0,Ken Follett,1989,4.29,https://images.gr-assets.com/books/1381107552m/4985.jpg
5052,Code to Zero,0,0,0,1,1,1,1,0,0,Ken Follett,2000,3.64,https://i.gr-assets.com/images/S/compressed.photo.goodreads.com/books/1309209804l/5052.jpg
5053,The Man From St. Petersburg,0,0,0,1,1,1,1,0,0,Ken Follett,1982,3.84,https://i.gr-assets.com/images/S/compressed.photo.goodreads.com/books/1411331808l/5053.jpg
5055,Night Over Water,0,0,0,1,1,1,1,0,0,Ken Follett,1991,3.78,https://i.gr-assets.com/images/S/compressed.photo.goodreads.com/books/1388249830l/5055.jpg
5062,Jackdaws,0,0,0,1,1,1,1,0,0,Ken Follett,2001,3.91,https://i.gr-assets.com/images/S/compressed.photo.goodreads.com/books/1388296072l/5062.jpg
5064,"World Without End (The Kingsbridge Series, #2)",0,0,0,1,1,1,1,0,0,Ken Follett,2007,4.23,https://i.gr-assets.com/images/S/compressed.photo.goodreads.com/books/1327931636l/6315423.jpg
5068,Last Orders,0,0,0,1,1,1,0,0,0,Graham Swift,1996,3.68,https://images.gr-assets.com/books/1309209804m/5052.jpg
5128,The Doors of Perception & Heaven and Hell,0,0,1,0,0,1,0,0,0,Aldous Huxley,1956,3.96,https://images.gr-assets.com/books/1411331808m/5053.jpg
5129,Brave New World,0,0,0,1,1,1,1,0,0,Aldous Huxley,1932,3.97,https://i.gr-assets.com/images/S/compressed.photo.goodreads.com/books/1575509280l/5129._SY475_.jpg
5148,A Separate Peace,0,0,0,1,1,0,1,0,0,John Knowles,1959,3.56,https://i.gr-assets.com/images/S/compressed.photo.goodreads.com/books/1528860889l/5148._SY475_.jpg
5158,A Virtuous Woman,0,0,0,1,1,1,0,1,0,Kaye Gibbons,1989,3.67,https://i.gr-assets.com/images/S/compressed.photo.goodreads.com/books/1388593490l/5158.jpg
5159,Here on Earth,0,0,0,0,1,1,0,1,0,Alice Hoffman,1997,3.68,https://images.gr-assets.com/books/1457623323m/5068.jpg
5166,Midwives,0,0,0,0,1,1,0,0,0,Chris Bohjalian,1997,3.97,https://images.gr-assets.com/books/1395564378m/5084.jpg
5168,Where the Heart Is,0,0,0,1,1,1,0,1,0,Billie Letts,1995,4,https://images.gr-assets.com/books/1355037988m/5113.jpg
5171,Drowning Ruth,0,0,0,0,1,1,0,0,0,Christina Schwarz,2000,3.73,https://i.gr-assets.com/images/S/compressed.photo.goodreads.com/books/1390180160l/5171.jpg
5175,"What Looks Like Crazy on an Ordinary Day (Idlewild, #1)",0,0,0,1,1,1,0,1,0,Pearl Cleage,1997,3.7,https://images.gr-assets.com/books/1375947566m/5128.jpg
5176,While I Was Gone,0,0,0,1,1,1,1,0,0,Sue Miller,1998,3.67,https://images.gr-assets.com/books/1487389574m/5129.jpg
5179,Mother of Pearl,0,0,0,0,1,1,1,0,0,Melinda Haynes,1999,3.67,https://images.gr-assets.com/books/1375947541m/5130.jpg
5186,"Breath, Eyes, Memory",0,0,0,0,1,1,0,0,0,Edwidge Danticat,1994,3.86,https://i.gr-assets.com/images/S/compressed.photo.goodreads.com/books/1423684958l/5186.jpg
5190,Open House,0,0,0,0,1,1,1,1,0,Elizabeth Berg,2000,3.68,https://i.gr-assets.com/images/S/compressed.photo.goodreads.com/books/1388206007l/5190.jpg
5191,The Pilot's Wife,0,0,0,0,1,1,0,0,0,Anita Shreve,1998,3.5,https://i.gr-assets.com/images/S/compressed.photo.goodreads.com/books/1435011220l/5191.jpg
5196,Tara Road,0,0,0,0,1,1,0,1,0,Maeve Binchy,1998,3.88,https://images.gr-assets.com/books/1388299278m/5159.jpg
5197,A Lesson Before Dying,0,0,0,0,1,1,0,0,0,Ernest J. Gaines,1993,3.93,https://images.gr-assets.com/books/1417404078m/5160.jpg
5198,Paradise,0,0,0,0,1,1,0,0,0,Toni Morrison,1997,3.77,https://i.gr-assets.com/images/S/compressed.photo.goodreads.com/books/1558921210l/5198.jpg
5203,She's Come Undone,0,0,0,0,1,1,1,0,0,Wally Lamb,1992,3.84,https://i.gr-assets.com/images/S/compressed.photo.goodreads.com/books/1543505339l/5203.jpg
5205,A Map of the World,0,0,0,0,1,1,1,0,0,Jane Hamilton,1992,3.78,https://i.gr-assets.com/images/S/compressed.photo.goodreads.com/books/1388228311l/5205.jpg
5211,A Fine Balance,0,0,0,0,1,1,0,0,0,Rohinton Mistry,1996,4.34,https://images.gr-assets.com/books/1327959469m/5168.jpg
5246,Ethan Frome,1,0,0,1,1,1,1,0,0,Edith Wharton,1911,3.35,https://images.gr-assets.com/books/1390180160m/5171.jpg
5296,An Ideal Husband,0,0,0,0,1,1,1,0,0,Oscar Wilde,1893,4.03,https://images.gr-assets.com/books/1481449709m/5174.jpg
5308,The Pearl,0,0,0,0,1,1,0,1,0,John Steinbeck,1947,3.41,https://i.gr-assets.com/images/S/compressed.photo.goodreads.com/books/1437234939l/5308.jpg
5338,A Christmas Carol and Other Christmas Writings,1,1,0,1,1,1,0,0,0,Charles Dickens,1843,4.13,https://images.gr-assets.com/books/1495632082m/5176.jpg
5344,Hard Times,0,1,0,1,1,1,0,0,0,Charles Dickens,1854,3.5,https://i.gr-assets.com/images/S/compressed.photo.goodreads.com/books/1348651243l/5344.jpg
5345,The Innocent Man: Murder and Injustice in a Small Town,0,0,0,1,1,1,1,0,0,John Grisham,2006,3.79,https://i.gr-assets.com/images/S/compressed.photo.goodreads.com/books/1441415135l/5345._SY475_.jpg
5346,The Last Juror,0,0,0,1,1,1,1,0,0,John Grisham,2004,3.85,https://i.gr-assets.com/images/S/compressed.photo.goodreads.com/books/1386924294l/5346.jpg
5347,Bleachers,0,0,0,1,1,1,1,0,0,John Grisham,2003,3.46,https://i.gr-assets.com/images/S/compressed.photo.goodreads.com/books/1386920942l/5347.jpg
5348,The Testament,0,0,0,1,1,1,1,0,0,John Grisham,1999,3.83,https://i.gr-assets.com/images/S/compressed.photo.goodreads.com/books/1403174228l/5348.jpg
5349,The Rainmaker,0,0,0,1,1,1,1,0,0,John Grisham,1995,3.91,https://i.gr-assets.com/images/S/compressed.photo.goodreads.com/books/1388265477l/5349.jpg
5350,The Partner,0,0,0,1,1,1,1,0,0,John Grisham,1997,3.89,https://i.gr-assets.com/images/S/compressed.photo.goodreads.com/books/1388235158l/5350.jpg
5351,The Street Lawyer,0,0,0,1,1,1,1,0,0,John Grisham,1998,3.81,https://images.gr-assets.com/books/1435011220m/5191.jpg
5352,The Summons,0,0,0,1,1,1,1,0,0,John Grisham,2002,3.68,https://images.gr-assets.com/books/1403194637m/5196.jpg
5354,The Brethren,0,0,0,1,1,1,1,0,0,John Grisham,2000,3.71,https://images.gr-assets.com/books/1405866945m/5197.jpg
5355,The Chamber,0,0,0,1,1,1,1,0,0,John Grisham,1994,3.76,https://images.gr-assets.com/books/1327935897m/5198.jpg
5356,The King of Torts,0,0,0,1,1,1,1,0,0,John Grisham,2003,3.67,https://images.gr-assets.com/books/1408313457m/5203.jpg
5357,Skipping Christmas,0,0,0,1,1,1,1,0,0,John Grisham,2001,3.47,https://images.gr-assets.com/books/1309282868m/5204.jpg
5358,"The Firm (Penguin Readers, Level 5)",0,0,0,1,1,1,1,0,0,John Grisham,1991,3.99,https://i.gr-assets.com/images/S/compressed.photo.goodreads.com/books/1418465200l/5358.jpg
5359,The Client,0,0,0,1,1,1,1,0,0,John Grisham,1993,3.97,https://i.gr-assets.com/images/S/compressed.photo.goodreads.com/books/1554192326l/5359._SY475_.jpg
5360,A Painted House,0,0,0,1,1,1,1,0,0,John Grisham,2001,3.67,https://images.gr-assets.com/books/1389822254m/5246.jpg
5364,"Dragonfly in Amber (Outlander, #2)",1,0,1,1,1,1,0,1,0,Diana Gabaldon,1992,4.31,https://i.gr-assets.com/images/S/compressed.photo.goodreads.com/books/1456114344l/5364.jpg
5367,"The Great Book of Amber (The Chronicles of Amber, #1-10)",1,0,1,1,1,1,0,0,0,Roger Zelazny,1999,4.31,https://images.gr-assets.com/books/1417045098m/5296.jpg
5368,Forever Amber ,0,0,0,0,1,1,0,1,0,Kathleen Winsor,1944,3.98,https://i.gr-assets.com/images/S/compressed.photo.goodreads.com/books/1350464965l/5368.jpg
5369,The Amber Room,0,0,0,0,1,1,1,0,0,Steve Berry,2003,3.83,https://images.gr-assets.com/books/1437234939m/5308.jpg
5413,'Salem's Lot,1,0,0,1,1,1,1,0,0,Stephen King,2005,4.25,https://i.gr-assets.com/images/S/compressed.photo.goodreads.com/books/1327891565l/11590.jpg
5417,Carrie,0,0,0,1,1,1,1,0,0,Stephen King,1983,4.52,https://images.gr-assets.com/books/1388952779m/5338.jpg
5439,Interpreter of Maladies,0,0,0,1,1,1,0,0,0,Jhumpa Lahiri,1999,4.12,https://i.gr-assets.com/images/S/compressed.photo.goodreads.com/books/1442586143l/5439._SY475_.jpg
5452,Girls in Pants: The Third Summer of the Sisterhood,0,0,0,1,1,0,0,0,1,Ann Brashares,2005,3.82,https://i.gr-assets.com/images/S/compressed.photo.goodreads.com/books/1320473346l/5452.jpg
5453,"Forever in Blue: The Fourth Summer of the Sisterhood (Sisterhood, #4)",0,0,0,1,1,0,0,0,1,Ann Brashares,2007,3.8,https://i.gr-assets.com/images/S/compressed.photo.goodreads.com/books/1389829324l/5453.jpg
5454,"The Second Summer of the Sisterhood (Sisterhood, #2)",0,0,0,1,1,0,0,0,1,Ann Brashares,2003,3.78,https://i.gr-assets.com/images/S/compressed.photo.goodreads.com/books/1467700995l/5454._SY475_.jpg
5470,1984,0,1,0,1,1,1,1,0,0,George Orwell,1949,4.14,https://images.gr-assets.com/books/1403174228m/5348.jpg
5472,Animal Farm,0,1,0,1,1,1,1,0,0,George Orwell,1950,4.26,https://i.gr-assets.com/images/S/compressed.photo.goodreads.com/books/1325861570l/170448.jpg
5479,Brave New World ,0,0,0,1,1,1,1,0,0,Aldous Huxley,1932,4.16,https://i.gr-assets.com/images/S/compressed.photo.goodreads.com/books/1575509280l/5129._SY475_.jpg
5481,Brave New World Revisited ,0,0,0,1,1,1,1,0,0,Aldous Huxley,1958,3.93,https://i.gr-assets.com/images/S/compressed.photo.goodreads.com/books/1410136964l/5481.jpg
5508,Anne Frank: Beyond the Diary - A Photographic Remembrance,0,1,1,1,0,1,0,0,0,Anne Frank,1992,4.25,https://i.gr-assets.com/images/S/compressed.photo.goodreads.com/books/1388345168l/5508.jpg
5509,Anne Frank Remembered: The Story of the Woman Who Helped to Hide the Frank Family,0,0,1,1,0,1,0,0,0,Miep Gies,1987,4.26,https://i.gr-assets.com/images/S/compressed.photo.goodreads.com/books/1437766396l/5509._SY475_.jpg
5509,Anne Frank Remembered: The Story of the Woman Who Helped to Hide the Frank Family,0,0,1,1,0,1,0,0,0,Alison Leslie Gold,1987,4.26,https://i.gr-assets.com/images/S/compressed.photo.goodreads.com/books/1437766396l/5509._SY475_.jpg
5526,Dear John,0,0,0,1,1,1,0,1,0,Nicholas Sparks,2006,4.01,https://i.gr-assets.com/images/S/compressed.photo.goodreads.com/books/1397749854l/5526.jpg
5527,All the King's Men,0,0,0,0,1,1,1,0,0,Robert Penn Warren,1946,4.08,https://i.gr-assets.com/images/S/compressed.photo.goodreads.com/books/1342193852l/5527.jpg
5548,What Do You Care What Other People Think?,0,0,1,0,0,1,0,0,0,Richard Feynman,1988,4.28,https://images.gr-assets.com/books/1418465200m/5358.jpg
5559,Jack: Straight from the Gut,0,0,1,0,0,1,0,0,0,Jack Welch,2001,3.79,https://i.gr-assets.com/images/S/compressed.photo.goodreads.com/books/1297699934l/5559.jpg
5575,Cradle and All,0,0,0,1,1,1,1,0,0,James Patterson,1980,3.87,https://i.gr-assets.com/images/S/compressed.photo.goodreads.com/books/1436538932l/5575._SY475_.jpg
5659,The Wind in the Willows,1,1,0,0,1,0,0,0,1,Kenneth Grahame,1908,3.98,https://images.gr-assets.com/books/1456114344m/5364.jpg
5695,Demons,0,0,0,0,1,1,1,0,0,Fyodor Dostoyevsky,1872,4.26,https://images.gr-assets.com/books/1165519096m/5367.jpg
5697,The Complete Short Novels,0,0,0,0,1,1,0,0,0,Anton Chekhov,1896,4.47,https://images.gr-assets.com/books/1350464965m/5368.jpg
5720,Rainbow Six,1,0,0,1,1,1,1,0,0,Tom Clancy,1998,4.07,https://images.gr-assets.com/books/1329497506m/5369.jpg
5752,The Blank Slate: The Modern Denial of Human Nature,0,0,1,0,0,1,0,0,0,Steven Pinker,2002,4.07,https://images.gr-assets.com/books/1320478491m/5413.jpg
5755,The Language Instinct: How the Mind Creates Language,0,0,1,0,0,1,0,0,0,Steven Pinker,1994,4.05,https://images.gr-assets.com/books/1376725117m/5417.jpg
5759,Fight Club,0,0,0,1,1,1,1,0,0,Chuck Palahniuk,1996,4.2,https://i.gr-assets.com/images/S/compressed.photo.goodreads.com/books/1558216416l/36236124._SY475_.jpg
5826,Bel Canto,0,0,0,1,0,1,1,1,0,Ann Patchett,2001,3.92,https://images.gr-assets.com/books/1320473346m/5452.jpg
5845,A Bend in the River,0,0,0,0,1,1,0,0,0,V.S. Naipaul,1979,3.77,https://i.gr-assets.com/images/S/compressed.photo.goodreads.com/books/1353691563l/5845.jpg
5849,A House for Mr Biswas,0,0,0,0,1,1,0,0,0,V.S. Naipaul,1961,3.82,https://images.gr-assets.com/books/1467700995m/5454.jpg
5872,Regeneration ,0,0,0,0,1,1,0,0,0,Pat Barker,1991,4.03,https://images.gr-assets.com/books/1348990566m/5470.jpg
5890,The Woman in White,0,0,0,1,1,1,1,0,0,Wilkie Collins,1859,3.98,https://images.gr-assets.com/books/1327959366m/5472.jpg
5942,Anil's Ghost,0,0,0,0,1,1,1,0,0,Michael Ondaatje,2000,3.54,https://images.gr-assets.com/books/1331315450m/5479.jpg
5946,In the Skin of a Lion,0,0,0,0,1,1,0,0,0,Michael Ondaatje,1987,3.88,https://images.gr-assets.com/books/1410136964m/5481.jpg
5954,Narcissus and Goldmund,0,0,0,0,1,1,0,0,0,Hermann Hesse,1930,4.19,https://i.gr-assets.com/images/S/compressed.photo.goodreads.com/books/1374680750l/5954.jpg
6138,The Moonstone,1,0,0,1,1,1,1,0,0,Wilkie Collins,1868,3.9,https://i.gr-assets.com/images/S/compressed.photo.goodreads.com/books/1403192382l/6138.jpg
6149,Beloved,0,0,0,0,1,1,0,0,0,Toni Morrison,1987,3.77,https://i.gr-assets.com/images/S/compressed.photo.goodreads.com/books/1347984578l/6149.jpg
6150,"Cry, the Beloved Country",0,0,0,0,1,1,1,0,0,Alan Paton,1948,3.87,https://images.gr-assets.com/books/1397749854m/5526.jpg
6159,Reservation Blues,0,0,0,0,1,1,0,0,0,Sherman Alexie,1995,3.98,https://images.gr-assets.com/books/1342193852m/5527.jpg
6185,Wuthering Heights,0,1,0,0,1,1,0,1,0,Emily Bronte,1847,3.82,https://images.gr-assets.com/books/1297913068m/5548.jpg
6192,Disgrace,0,0,0,1,1,1,0,0,0,J.M. Coetzee,1999,3.83,https://images.gr-assets.com/books/1297699934m/5559.jpg
6193,Life and Times of Michael K,0,0,0,0,1,1,0,0,0,J.M. Coetzee,1983,3.85,https://i.gr-assets.com/images/S/compressed.photo.goodreads.com/books/1327203650l/6193.jpg
6259,Birdsong,0,0,0,0,1,1,0,1,0,Sebastian Faulks,1993,4.07,https://images.gr-assets.com/books/1423183570m/5659.jpg
6288,The Road,0,0,0,0,1,1,1,0,0,Cormac McCarthy,2006,3.95,https://images.gr-assets.com/books/1386958613m/5695.jpg
6294,Howl's Moving Castle,1,0,0,1,1,0,0,0,1,Diana Wynne Jones,1986,4.3,https://i.gr-assets.com/images/S/compressed.photo.goodreads.com/books/1407450489l/6294.jpg
6310,Charlie and the Chocolate Factory,0,1,0,1,1,0,0,0,1,Roald Dahl,1964,4.1,https://i.gr-assets.com/images/S/compressed.photo.goodreads.com/books/1309211401l/6310.jpg
6319,The BFG,0,1,0,0,1,0,0,0,1,Roald Dahl,1982,4.22,https://i.gr-assets.com/images/S/compressed.photo.goodreads.com/books/1327872673l/6319.jpg
6327,The Witches,0,1,0,1,1,0,0,0,1,Roald Dahl,1983,4.17,https://i.gr-assets.com/images/S/compressed.photo.goodreads.com/books/1351707720l/6327.jpg
6328,Revolting Rhymes,0,1,0,0,1,0,0,0,1,Roald Dahl,1982,4.13,https://images.gr-assets.com/books/1357128997m/5759.jpg
6334,Never Let Me Go,0,0,0,1,1,1,1,0,0,Kazuo Ishiguro,2005,3.8,https://images.gr-assets.com/books/1352997328m/5826.jpg
6419,Plum Lovin',0,0,0,1,1,1,1,1,0,Janet Evanovich,2007,3.7,https://images.gr-assets.com/books/1353691563m/5845.jpg
6420,Visions of Sugar Plums,0,0,0,1,1,1,1,1,0,Janet Evanovich,2002,3.68,https://i.gr-assets.com/images/S/compressed.photo.goodreads.com/books/1439320318l/6420._SY475_.jpg
6422,Four to Score,0,0,0,1,1,1,1,1,0,Janet Evanovich,1998,4.17,https://images.gr-assets.com/books/1365925619m/5872.jpg
6423,High Five,0,0,0,1,1,1,1,1,0,Janet Evanovich,1999,4.17,https://images.gr-assets.com/books/1295661017m/5890.jpg
6424,Seven Up,0,0,0,1,1,1,1,1,0,Janet Evanovich,2001,4.15,https://i.gr-assets.com/images/S/compressed.photo.goodreads.com/books/1311720512l/6424.jpg
6425,Hard Eight,0,0,0,1,1,1,1,1,0,Janet Evanovich,2002,4.17,https://images.gr-assets.com/books/1405864361m/5946.jpg
6426,Motor Mouth,0,0,0,1,1,1,1,1,0,Janet Evanovich,2006,3.66,https://images.gr-assets.com/books/1374680750m/5954.jpg
6427,Two for the Dough,0,0,0,1,1,1,1,1,0,Janet Evanovich,1996,4.11,https://images.gr-assets.com/books/1403192382m/6138.jpg
6440,Ivanhoe,0,0,0,0,1,1,1,1,0,Walter Scott,1819,3.75,https://i.gr-assets.com/images/S/compressed.photo.goodreads.com/books/1589480142l/6440.jpg
6520,My Friend Leonard,0,0,1,0,0,1,0,0,0,James Frey,2005,3.83,https://images.gr-assets.com/books/1344182368m/6150.jpg
6526,"Book of the Dead (Kay Scarpetta, #15)",0,0,0,0,1,1,1,0,0,Patricia Cornwell,2007,3.63,https://images.gr-assets.com/books/1398195783m/6159.jpg
6528,"Predator (Kay Scarpetta, #14)",0,0,0,0,1,1,1,0,0,Patricia Cornwell,2005,3.67,https://i.gr-assets.com/images/S/compressed.photo.goodreads.com/books/1310552145l/6528.jpg
6530,"Trace (Kay Scarpetta, #13)",0,0,0,0,1,1,1,0,0,Patricia Cornwell,2004,3.76,https://i.gr-assets.com/images/S/compressed.photo.goodreads.com/books/1310723816l/6530.jpg
6531,"Point of Origin (Kay Scarpetta, #9)",0,0,0,0,1,1,1,0,0,Patricia Cornwell,1998,4.02,https://images.gr-assets.com/books/1327203650m/6193.jpg
6534,"Postmortem (Kay Scarpetta, #1)",0,0,0,0,1,1,1,0,0,Patricia Cornwell,1990,4.01,https://images.gr-assets.com/books/1349952101m/6259.jpg
6537,"From Potter's Field (Kay Scarpetta, #6)",0,0,0,0,1,1,1,0,0,Patricia Cornwell,1995,4.02,https://images.gr-assets.com/books/1439197219m/6288.jpg
6538,Portrait of a Killer: Jack the Ripper - Case Closed,0,0,0,0,1,1,1,0,0,Patricia Cornwell,2002,3.44,https://images.gr-assets.com/books/1407450489m/6294.jpg
6539,"The Body Farm (Kay Scarpetta, #5)",0,0,0,0,1,1,1,0,0,Patricia Cornwell,1994,4.04,https://images.gr-assets.com/books/1309211401m/6310.jpg
6541,"Cause of Death (Kay Scarpetta, #7)",0,0,0,0,1,1,1,0,0,Patricia Cornwell,1996,3.93,https://images.gr-assets.com/books/1327872673m/6319.jpg
6554,Darkness,1,0,0,0,1,1,1,0,0,John Saul,1991,3.92,https://images.gr-assets.com/books/1351707720m/6327.jpg
6572,Suffer the Children,1,0,0,0,1,1,1,0,0,John Saul,1977,3.9,https://i.gr-assets.com/images/S/compressed.photo.goodreads.com/books/1386925349l/6572.jpg
6588,"The Big Bad Wolf  (Alex Cross, #9)",0,0,0,0,1,1,1,0,0,James Patterson,2003,3.97,https://images.gr-assets.com/books/1353048590m/6334.jpg
6613,Four Blondes,0,0,0,0,1,1,0,1,0,Candace Bushnell,2000,2.8,https://i.gr-assets.com/images/S/compressed.photo.goodreads.com/books/1438538645l/6613._SY475_.jpg
6614,Lipstick Jungle,0,0,0,0,1,1,0,1,0,Candace Bushnell,2005,3.39,https://i.gr-assets.com/images/S/compressed.photo.goodreads.com/books/1390589010l/6614.jpg
6628,"The Big Over Easy (Nursery Crime, #1)",1,0,0,0,1,1,0,0,0,Jasper Fforde,2005,3.92,https://images.gr-assets.com/books/1311983211m/6422.jpg
6656,The Divine Comedy,1,1,0,0,1,1,0,0,0,Dante Alighieri,1308,4.06,https://images.gr-assets.com/books/1270849101m/6423.jpg
6667,Boy: Tales of Childhood,1,1,0,0,0,0,0,0,1,Roald Dahl,1984,4.09,https://images.gr-assets.com/books/1311720512m/6424.jpg
6670,The Magic Finger (Young Puffin Developing Reader),1,1,0,0,0,0,0,0,1,Roald Dahl,1966,3.66,https://images.gr-assets.com/books/1479699438m/6425.jpg
6671,The Wonderful Story of Henry Sugar and Six More,1,1,0,0,0,0,0,0,1,Roald Dahl,1977,4.15,https://images.gr-assets.com/books/1479699584m/6426.jpg
6678,Going Solo,1,1,0,0,0,0,0,0,1,Roald Dahl,1986,4.04,https://images.gr-assets.com/books/1330926461m/6427.jpg
6687,"Charlie and the Great Glass Elevator (Charlie Bucket, #2)",1,1,0,0,0,0,0,0,1,Roald Dahl,1972,3.64,https://images.gr-assets.com/books/1405336818m/6440.jpg
6689,James and the Giant Peach,1,1,0,0,0,0,0,0,1,Roald Dahl,1961,3.99,https://i.gr-assets.com/images/S/compressed.photo.goodreads.com/books/1320412586l/6689.jpg
6690,Danny the Champion of the World,1,1,0,0,0,0,0,0,1,Roald Dahl,1975,4.07,https://i.gr-assets.com/images/S/compressed.photo.goodreads.com/books/1437500743l/6690._SX318_.jpg
6693,Fantastic Mr. Fox,1,1,0,0,0,0,0,0,1,Roald Dahl,1970,4.03,https://images.gr-assets.com/books/1310552145m/6528.jpg
6694,The Giraffe and the Pelly and Me,1,1,0,0,0,0,0,0,1,Roald Dahl,1985,3.8,https://images.gr-assets.com/books/1310723816m/6530.jpg
6748,A Supposedly Fun Thing I'll Never Do Again:  Essays and Arguments,0,0,1,0,0,1,0,0,0,David Foster Wallace,1996,4.28,https://images.gr-assets.com/books/1399629118m/6531.jpg
6749,Oblivion,0,0,0,0,1,1,0,0,0,David Foster Wallace,2004,4.07,https://images.gr-assets.com/books/1341835831m/6534.jpg
6750,The Broom of the System,0,0,0,0,1,1,0,0,0,David Foster Wallace,1987,3.84,https://images.gr-assets.com/books/1309209800m/6537.jpg
6751,Consider the Lobster and Other Essays,0,0,1,0,0,1,0,0,0,David Foster Wallace,2005,4.25,https://i.gr-assets.com/images/S/compressed.photo.goodreads.com/books/1388854217l/6751.jpg
6753,Brief Interviews with Hideous Men,0,0,0,0,1,1,0,0,0,David Foster Wallace,1999,3.88,https://i.gr-assets.com/images/S/compressed.photo.goodreads.com/books/1347635121l/6753.jpg
6759,Infinite Jest,0,0,0,0,1,1,0,0,0,David Foster Wallace,1996,4.31,https://images.gr-assets.com/books/1327632787m/6541.jpg
6819,Ghostwritten,1,0,0,1,1,1,0,0,0,David Mitchell,1999,4.06,https://i.gr-assets.com/images/S/compressed.photo.goodreads.com/books/1320415093l/6819.jpg
6820,number9dream,0,0,0,1,1,1,0,0,0,David Mitchell,2001,3.92,https://i.gr-assets.com/images/S/compressed.photo.goodreads.com/books/1320540682l/6820.jpg
6853,"One for the Money (Stephanie Plum, #1)",0,0,0,1,1,1,1,1,0,Janet Evanovich,1994,4.03,https://images.gr-assets.com/books/1388328154m/6588.jpg
6854,"Three to Get Deadly (Stephanie Plum, #3)",0,0,0,1,1,1,1,1,0,Janet Evanovich,1997,4.14,https://i.gr-assets.com/images/S/compressed.photo.goodreads.com/books/1311727539l/6854.jpg
6858,"Hot Six (Stephanie Plum, #6)",0,0,0,1,1,1,1,1,0,Janet Evanovich,2000,4.18,https://i.gr-assets.com/images/S/compressed.photo.goodreads.com/books/1388177839l/6858.jpg
6862,Amsterdam,0,0,0,1,1,1,1,0,0,Ian McEwan,1998,3.41,https://images.gr-assets.com/books/1432412758m/6628.jpg
6867,Atonement,0,0,0,0,1,1,0,0,0,Ian McEwan,2001,3.88,https://i.gr-assets.com/images/S/compressed.photo.goodreads.com/books/1320449708l/6867.jpg
6872,The Comfort of Strangers,0,0,0,0,1,1,1,1,0,Ian McEwan,1981,3.44,https://i.gr-assets.com/images/S/compressed.photo.goodreads.com/books/1388197584l/6872.jpg
6952,Like Water for Chocolate,1,0,0,1,1,1,1,1,0,Laura Esquivel,1989,3.94,https://images.gr-assets.com/books/1434928966m/6670.jpg
6976,The Mermaid Chair,0,0,0,0,1,1,0,1,0,Sue Monk Kidd,2004,3.1,https://i.gr-assets.com/images/S/compressed.photo.goodreads.com/books/1533194482l/6976.jpg
7035,"Morality for Beautiful Girls (No. 1 Ladies' Detective Agency, #3)",0,0,0,0,1,1,1,0,0,Alexander McCall Smith,2001,3.97,https://i.gr-assets.com/images/S/compressed.photo.goodreads.com/books/1379303019l/7035.jpg
7036,"The Kalahari Typing School for Men (No. 1 Ladies' Detective Agency, #4)",0,0,0,0,1,1,1,0,0,Alexander McCall Smith,2002,3.99,https://images.gr-assets.com/books/1309211607m/6687.jpg
7039,"Tears of the Giraffe (No. 1 Ladies' Detective Agency, #2)",0,0,0,0,1,1,1,0,0,Alexander McCall Smith,2000,3.95,https://images.gr-assets.com/books/1320412586m/6689.jpg
7053,"In the Company of Cheerful Ladies (No. 1 Ladies' Detective Agency, #6)",0,0,0,0,1,1,1,0,0,Alexander McCall Smith,2004,4.07,https://i.gr-assets.com/images/S/compressed.photo.goodreads.com/books/1422951731l/7053.jpg
7058,"The Good Husband of Zebra Drive (No. 1 Ladies' Detective Agency, #8)",0,0,0,0,1,1,1,0,0,Alexander McCall Smith,2007,4.06,https://i.gr-assets.com/images/S/compressed.photo.goodreads.com/books/1439612347l/7058._SY475_.jpg
7061,"The No. 1 Ladies' Detective Agency  (No. 1 Ladies' Detective Agency, #1)",0,0,0,0,1,1,1,0,0,Alexander McCall Smith,1998,3.75,https://i.gr-assets.com/images/S/compressed.photo.goodreads.com/books/1459953654l/7061._SY475_.jpg
7126,The Count of Monte Cristo,0,1,0,0,1,1,0,1,0,Alexandre Dumas,1844,4.21,https://i.gr-assets.com/images/S/compressed.photo.goodreads.com/books/1309203605l/7126.jpg
7144,Crime and Punishment,0,0,0,0,1,1,1,0,0,Fyodor Dostoyevsky,1866,4.18,https://images.gr-assets.com/books/1311905400m/6749.jpg
7184,"Twenty Years After (The D'Artagnan Romances, #2)",0,1,0,0,1,1,0,1,0,Alexandre Dumas,1845,4.01,https://i.gr-assets.com/images/S/compressed.photo.goodreads.com/books/1165607713l/7184.jpg
7190,The Three Musketeers,0,1,0,1,1,1,1,0,0,Alexandre Dumas,1844,4.06,https://i.gr-assets.com/images/S/compressed.photo.goodreads.com/books/1320436982l/7190.jpg
7199,The Way the Crow Flies,0,0,0,1,1,1,0,1,0,Ann-Marie MacDonald,2003,4.08,https://i.gr-assets.com/images/S/compressed.photo.goodreads.com/books/1433037834l/7199._SY475_.jpg
7201,As the Crow Flies,0,0,0,1,1,1,0,1,0,Jeffrey Archer,1990,4.05,https://images.gr-assets.com/books/1446876799m/6759.jpg
7244,The Poisonwood Bible,0,0,0,0,1,1,0,0,0,Barbara Kingsolver,1998,4.02,https://images.gr-assets.com/books/1320415093m/6819.jpg
7332,The Silmarillion (Middle-Earth Universe),1,1,0,1,1,1,0,0,0,J.R.R. Tolkien,1977,3.87,https://images.gr-assets.com/books/1320540682m/6820.jpg
7389,"Runaways, Vol. 1: Pride and Joy (Runaways, #1)",1,0,0,1,1,0,0,0,0,Brian K. Vaughan,2006,4.02,https://images.gr-assets.com/books/1316730230m/6853.jpg
7432,"Pardonable Lies (Maisie Dobbs, #3)",0,0,0,0,1,1,1,0,0,Jacqueline Winspear,2005,4.09,https://images.gr-assets.com/books/1311727539m/6854.jpg
7433,"Messenger of Truth (Maisie Dobbs, #4)",0,0,0,0,1,1,1,0,0,Jacqueline Winspear,2006,3.99,https://i.gr-assets.com/images/S/compressed.photo.goodreads.com/books/1442323066l/7433._SY475_.jpg
7437,Naked Lunch,1,0,0,0,1,1,0,0,0,William S. Burroughs,1959,3.46,https://images.gr-assets.com/books/1403191209m/6862.jpg
7455,Sex and the City,0,0,0,0,1,1,0,1,0,Candace Bushnell,1996,3.37,https://images.gr-assets.com/books/1320449708m/6867.jpg
